59e75ad16ab1c61685a7891b,The Grill  -  Dishwasher
59d6cd59852d1b2dca1a64af,LUNCH.SUPPER!  -  Dishwasher
59d55b140083fe6893bc8e0d,CTCC LLP  -  Back of House
59d55b1e0083fe6893bc8e0e,CTCC LLP  -  Front of House Helper
59d4024f7189383f8af4f952,EAT RP - Fat Dragon  -  Dishwasher
59d401997189383f8af4f947,EAT RP - Foo Dog  -  Dishwasher
59d401a77189383f8af4f94a,EAT RP - Foo Dog  -  Busser
59d401aa7189383f8af4f94b,EAT RP - Foo Dog  -  Runner
59d4005e7189383f8af4f93d,EAT RP - Wong Gonzalez  -  Dishwasher
59d400657189383f8af4f93e,EAT RP - Wong Gonzalez - Host Assistant
59d404a47189383f8af4f976,EAT RP - Beijing  -  Dishwasher
59d5686c0083fe6893bc8e78,Deep Run Roadhouse  -  Catering Server
59f37acaf5f17a3147187702,Richmond Restaurant Group  -  Dishwasher
5a30ad89cee6a64ce614cc84,The Tin Pan  -  Dishwasher
5ced56d88f6f5a0016865d45,Olde Virginia Cidery LLC  -  Packaging / Canning
59d403917189383f8af4f967,,Eat RP - Red Salt  -  Dishwasher
59e11828f4d2fd4622e6d5fe,English Muffin LLC  -  Dishwasher
5af3412ad7f55900141257a1,English Muffin LLC  -  Busser
59d29b0648c457044286734f,HOUSEpitality Family  -  Dishwasher
5ad89709f6d76000106687b0,HOUSEpitality Family  -  Event Kitchen Dishwasher
5af45229415d3f000f144144,HOUSEpitality Family  -  Front of House Cleaning Generalist
59d5557a0083fe6893bc8df0,HOUSEpitality Family  -  Dishwasher & Chip Maker
5a2b0e92cee6a64ce614c61b,HOUSEpitality Family  -  Restaurant Opening Cleaning Crew
59d3cab448c4570442867493,Reservoir Distillery  -  Bottling Assistant
59d7c643a4c99e763ee64e9c,The American Pork Fat  -  Dishwasher
5a60d0ea0586f0541a0a76d4,Acorn Sales  -  Rubber Stamp Maker & Assembler
5a72850d899b7f000ff713a3,Acorn Sales  -  General Cleaner
59cd0f0b28e6b70a8fb3e7c9,Ardent Craft Ales  -  Packaging
5cfe67a9e70877001c8eb652,Ardent Craft Ales  -  Event Clean Up Crew
59d5439f0083fe6893bc8db9,Meriwether-Godsey  -  Dishwasher / Utility
59d544450083fe6893bc8dbb,Meriwether-Godsey  -  Catering Server
5b671dbb0e7b320010c43771,Meriwether-Godsey  -  Barback
59ce94ab00d55053a6e6d283,"1548 Partners, LLC  -  Catering Server"
59d539aa0083fe6893bc8d99,Five Guys Operations LLC  -  Bun Dressing & Food Prep
59d539b50083fe6893bc8d9a,Five Guys Operations LLC  -  Dining Room Attendant
59d652470083fe6893bc8f81,Puritan Cleaners  -  Route Staging
59fb0de91afd3b558eb718fb,Puritan Cleaners  -  Order Staging
59df8581c3dd17300d8ace08,Penny Lane Pub  -  Dishwasher
59e12246f4d2fd4622e6d60d,Meriwether Godsey - The Steward School  -  Catering Server
59e12249f4d2fd4622e6d60e,Meriwether Godsey - The Steward School  -  Front of House
59f2311df5f17a31471874e9,Southbound  -  Dishwasher
5a0c46788110f93c7e48e913,Ball Office Products  -  Warehouse Associate
5a0c467b8110f93c7e48e914,Ball Office Products  -  Furniture Installer
5a1b1dac53fc27356fbab613,Stranges Florist  -  Floral Associate
5a65f3b92d94995534bcc704,Stranges Florist  -  Cashier
5acb572bc87dc30019fdebd3,Stranges Florist  -  Greenhouse Associate
5c9a5fa1b8fed20016bf2c06,Stranges Florist  -  Nursery Worker
5a0f463582ab990e047c26cf,Four Points by Sheraton Richmond Airport  -  Banquet Server
5b7adb277c93bf00103dd313,Four Points by Sheraton Richmond Airport  -  Room Attendant
5cb637b394a24800161479e5,Four Points by Sheraton Richmond Airport  -  Banquet Bartender
5cd2e14510ed4b001106c1df,Four Points by Sheraton Richmond Airport  -  Prep Cook
5a3d73bd97a48b64be663e8f,Delta Hotels by Marriott Richmond Downtown  -  AM Server
5a0f462b82ab990e047c26ce,Four Points by Sheraton Richmond  -  Banquet Server
5ab92e0da4a3f2001132d2a4,Four Points by Sheraton Richmond  -  Room Attendant
5a738f10899b7f000ff713f5,G-Force Events Inc  -  Track Marshal Associate
5a26e0395aa86a1a59173f83,"Saxon Shoes, Inc.  -  Sales Associate"
5a26e03e5aa86a1a59173f84,"Saxon Shoes, Inc.  -  Stock Associate"
5bd087506711c6001056c59a,"Saxon Shoes, Inc.  -  Cleaning Generalist"
5b8014f8bfd5460011e1a5d9,"ProsInc, LLC  -  Golf Course Maintenance"
5b671eac733049000f5e30c4,Libbie Market  -  Dishwasher
5a73925a264aa4000fc12003,MOSAIC Catering + Events  -  Service Associate
5a73925e899b7f000ff713ff,MOSAIC Catering + Events  -  Bartender
5a739262044a13000fb6cb9f,MOSAIC Catering + Events  -  Chef Attendant
5a78753478565700199cebf2,MOSAIC Catering + Events  -  Production Associate
5bb0db08d7d4270019582614,MOSAIC Catering + Events  -  Dishwasher
5a8206fb08435700195e3266,Gather  -  Greeter
5a8206ffe5c83200168d6421,Gather  -  Bartender
5a86e80181c0410019169626,The Shaved Duck Restaurant  -  Dishwasher
5a8784beb5cbf700171a45f6,Mellow Mushroom  -  Dishwasher
5a8c990b81c041001916982d,Urban Innovations LLC  -  Team Member
5a907fedceedda0019dbef64,"Middleton Heating & Air, Inc.  -  Customer Support"
5a95b79806952b0019356b01,Richmond Metro Habitat For Humanity  -  Warehouse Helper
5a973f10d283760011f958e0,"Ginger Juice Company, LLC (Greengate)  -  Juice Ninja"
5aafb8f4e03e68001a00d640,"Green Jay Landscaping, LLC  -  Crew Member"
5ab00b2cb04b4600192f6688,Pasture  -  Dishwasher
5abec5e053f1850019a0a409,Tazza Kitchen  -  Dishwasher
5ada1c1747ad490011f8c516,Galley  -  Dishwasher
5ade32ccb9ae470019af5721,"Dover Hall Experiences, LLC  -  Event Server"
5ade32d06ea72a0019c20216,"Dover Hall Experiences, LLC  -  Event Bartender"
5b624ba5ca80830017fc4c16,"Dover Hall Experiences, LLC  -  Room Attendant"
5b8588df05fea90010099990,"Dover Hall Experiences, LLC  -  Event Set Up"
5ae20f3bad4f5800117903cd,Belle Isle Craft Spirits  -  Bottling Line
5b64ba871688030013105534,Baugher Enterprises LLC  -  Customer Service
5b64ba90fe218a00109e3981,Baugher Enterprises LLC  -  Production
5ae8bea353242300199c3f73,Country Club of Virginia Inc  -  Dishwasher
5ae8beb021fb550019c7b1a3,Country Club of Virginia Inc  -  Banquet Server
5b0f2a8b60f526001fb491b6,Country Club of Virginia Inc  -  Chef Attendant
5cb0d7c97de20c001684b012,Country Club of Virginia Inc  -  Cleaning Generalist
5ce6b48788549a0017ac5ba1,Country Club of Virginia Inc  -  Banquet Food Runner
5ce6bd5bc503b50016af6670,Country Club of Virginia Inc  -  Pool Side Banquet Server
5aeb2d1694ea58000f836098,Feast Catering & Events LLC  -  Event Server
5aeb2d1e53242300199c4182,Feast Catering & Events LLC  -  Event Bartender
5af2068b415d3f000f143e5a,Triple Crossing Brewing Company  -  Packaging Assistant
5b352c7fede0f70015227ee0,Triple Crossing Brewing Company  -  Event Staff
5af34b159548c70011551fdd,Proper Pie Co.  -  Dishwasher
5af3780cd7f5590014125833,Richmond Restaurant Group  -  Dishwasher
5af49551d7f5590014125979,Union Hill RVA Group LLC  -  Dishwasher
5af4acbfd7f55900141259af,Baker's Crust Inc.  -  Busser
5af4acd0415d3f000f14420e,Baker's Crust Inc.  -  Dishwasher
5afc85d881b492001b0f1f69,Mellow Mushroom - Short Pump  -  Dishwasher
5afc815f9faafa0014cbe7f0,DAS Ethiopian  -  Dishwasher
5c656bcb26ff43000fcfec1b,DAS Ethiopian  -  Busser
5b04525bccf5e5001aa4606d,Makerset LLC  -  Warehouse Assistant
5b056978bb0a9a0019dfaae2,I.L. Creations  -  Dishwasher / Utility
5b1590a0585e3b0010035930,Nazca Mochica  -  Busser
5b1a9a1199bfed0010a60cff,James Hoban's Irish Bar  -  Host
5b1ef5f7b1be2f0015ebe2e8,"Two Kings Concessions, INC  -  Bartender"
5b1ef6078be9f90016c60fa0,"Two Kings Concessions, INC  -  Event Staff"
5b46125d0ee714001790fac9,"Two Kings Concessions, INC  -  Host / Ticket Sales"
5b4612690ee714001790faca,"Two Kings Concessions, INC  -  Dishwasher"
5b5e1a476d85e7001172630d,"Two Kings Concessions, INC  -  Janitorial / Set Up"
5b203239f9ccce0018660471,EAT RP - PBR  -  Busser
5b20325b0f7196001606d05b,EAT RP - PBR  -  Dishwasher
5b2135fef9ccce0018660538,American Parkour LLC  -  Cleaning Ninja
5b2177f9f9ccce00186605a2,BBNJ LLC - Metzger  -  Dishwasher
5b217df00f7196001606d165,BBNJ LLC - Brenner Pass  -  Dishwasher
5b21b3b8f9ccce001866061c,Mindful Restaurant Group  -  Busser
5b293c173eb03a000fd67b88,Nightingale Inc  -  Cookie Maker and Ice Cream Sandwich  Packager
5b8831ba37f5fb0010e440a3,Nightingale Inc  -  Dishwasher
5c3cdf4026e60b00114f241e,Nightingale Inc  -  Back of House Generalist
5ca2af6e0d0ea30012c24204,Nightingale Inc  -  Ice Cream Sandwich Server
5b29534a2fcc7a0015f724e4,Five Guys Corporate (DC)  -  Bun Dressing & Food Prep
5b29534e2fcc7a0015f724e5,Five Guys Corporate (DC)  -  Dining Room Attendant
5b2d339158507a000fecdfa8,Westwood Club  -  Dishwasher
5b2d339625235900163e6ce6,Westwood Club  -  Banquet Server
5b2d339c25235900163e6ce7,Westwood Club  -  Line-Fry-Prep Cook
5b323f6f770ecb0015f22570,"Cafe Caturra Grove Avenue, Inc  -  Dishwasher"
5b324c3c770ecb0015f225aa,Hanover Country Club  -  Line-Fry-Prep Cook
5b3c0a44059c8c00164da6bd,America Eats Tavern  -  Dishwasher
5b436d685665b80015255515,Agua 301  -  Busser
5b436d743c35b8001582d0da,Agua 301  -  Dishwasher
5b436d793c35b8001582d0db,Agua 301  -  Host
5b451dd2c9811400173f888c,ThinkFoodGroup  -  Dishwasher
5b46218a40c36000171fbdb4,South East Restaurant Group  -  Cook in Training
5b477f6a32ea0500106d8a11,Rasa  -  Dishwasher
5b47b6300e8a4a00105c5dac,Rasa  -  Event Staff
5b5737d26e74d10017c943ae,El Tamarindo  -  Busser
5b4dee2afa8af80015175b31,Gallery O on H  -  Event Staff
5b4f7be17d8d170011622a70,Gallery O on H  -  Greeter
5b4f9f466f39dc001088b833,Gallery O on H  -  Bartender
5b64a231733049000f5e2971,"Alligator Fuels, LLC  -  Cashier"
5b8071cdbfd5460011e1a822,Salisbury Country Club  -  Landscaping Maintenance
5b50da67df56bb0016225fba,"Juno Restaurant Group, LLC  -  Dishwasher"
5b50de67df56bb0016225fd1,Neighborhood Restaurant Group  -  Dishwasher
5b51f6cb3d710e0015588f3f,Avila Catering  -  Event Staff
5b6af26fb1c24c000fb52217,Avila Catering  -  Event Bartender
5b53a33e73b5a40016d2d1e2,South East Restaurant Group  -  Dishwasher
5b5ba221fafc2f000f73f3c4,South East Restaurant Group  -  Event Staff
5b5ba229ea1064000ffeb6e5,South East Restaurant Group  -  Prep Cook / Event Staff
5b6b4acdb2a6e3000f92c5cb,South East Restaurant Group  -  Front of House Generalist
5b622c066d85e70011726867,MGB LLC  -  Back of House Generalist
5b68459326640700119aa01b,"Momomilk, LLC  -  Dishwasher"
5b68778426640700119aa0b5,"Cava Group, Inc.  -  Dishwasher"
5b6c8c6a205a98000f07c201,"Cava Group, Inc.  -  Dining Room Attendant"
5b68bdae91623a0012e78fc3,Stonebridge Companies  -  Room Attendant
5b69b5a9270cf4000fc1069c,Foodshed Family of Restaurants  -  Dishwasher
5b7c61e08c1ad00016506418,Five Guys Corporate (Northern Virginia)  -  Bun Dressing & Food Prep
5b7c61e66c2dcc0015a0a64f,Five Guys Corporate (Northern Virginia)  -  Dining Room Attendant
5b7eec8dbfd5460011e1a2e7,"Old Blue BBQ, LLC  -  Event Staff"
5b7f20ef97c5fd000f70c8f9,"Old Blue BBQ, LLC  -  Event Bartender"
5c080a070577730015f27a2c,"Old Blue BBQ, LLC  -  Dishwasher"
5b7eefc697c5fd000f70c83a,Ivy and Coney LLC  -  ID Greeter
5b8171dfbfd5460011e1a9f1,Tang & Biscuit  -  FOH Attendant
5b8171f5bfd5460011e1a9f2,Tang & Biscuit  -  Dishwasher
5b8171fa20123300154bc503,Tang & Biscuit  -  Barback / Runner
5b817208fdc81c000f646087,Tang & Biscuit  -  Busser
5bd06fbf29c4020011258d45,Tang & Biscuit  -  Event Server
5b8693f505fea90010099c39,Slideways Mobile Bistro  -  Combined Food Prep & Serving (Food Truck)
5b8e72b993666e00163c12c6,Chick-fil-A of Short Pump  -  Dishwasher
5b8e72c0143c280011024ed9,Chick-fil-A of Short Pump  -  Dining Room Attendant
5b8e72d193666e00163c12c7,Chick-fil-A of Short Pump  -  Expeditor/Runner
5b899cb78aed4f0010fc6274,Ellwood Thompson's Local Market  -  Dishwasher
5b899cbde2075b000f25952e,Ellwood Thompson's Local Market  -  Prep Cook
5cdc534be405eb0016b7b513,Ellwood Thompson's Local Market  -  Grill Attendant
5b8ee4ff93666e00163c14de,Columbia Room  -  Host
5b8ee506143c2800110250a3,Columbia Room  -  Dishwasher
5b8ee50e93666e00163c14df,Columbia Room  -  Barback
5b992e4d93666e00163c2ca9,University of Richmond Dining Services  -  Dishwasher
5b992e540708c100160c49cf,University of Richmond Dining Services  -  Short Order Cook
5b992e5c0708c100160c49d0,University of Richmond Dining Services  -  Cold Food Production
5bb2362b858e33001185c5b4,University of Richmond Dining Services  -  Prep Cook- Food Production
5bdc84010bb7fd00134d0e0f,University of Richmond Dining Services  -  Cafe Assistant
5be5c2aaa118a90010e918a5,University of Richmond Dining Services  -  Buffet Assistant
5c42353e86e3e0000f315b64,University of Richmond Dining Services  -  Retail Associate
5bc72181c1a3660018737aaa,Donohoe Hospitality Services  -  Dishwasher
5b998e906f6cc90010fc5ac3,Maymont Foundation  -  Event Server
5cacf85df7e0dc0010f8838f,Maymont Foundation  -  Greeter / Registration Attendant
5b9bbcc5562d2b001286af2d,Noddle Dog LLC  -  Busser
5b9bbd6ff634e60010afcca4,Noddle Dog LLC  -  Dining Room Attendant
5ba9242667b70e0017aebf4e,Pub and The People  -  Dishwasher
5ba92b5b67b70e0017aebf77,DC Event Hub  -  Event Staff
5ba9432067b70e0017aec0b3,Cedar Fair - Kings Dominion  -  Food & Beverage Associate
5cc8ad25b878160011270ed7,Cedar Fair - Kings Dominion  -  Cleaning Generalist (water park)
5baa7533f634e60010aff34b,Chop Chop RVA  -  Event Marketing Assistant
5baa8f438b1b2600180d6ff6,Events Meetings & More  -  Combined Food Prep & Serving
5baa99be8b1b2600180d7027,The Design Shop  -  Screen Printing Shirt Folder
5babb28536bf19001021761b,Marketbars LLC  -  Dishwasher
5bad1a194e603c00132ba050,The Dominion Club  -  Banquet Server
5c89121fab64e70011eb91d8,The Dominion Club  -  Prep Cook
5bbdfa7c03fd050010db9865,The Commonwealth Club  -  Banquet Server
5bbf40551d6c5e0010799c6c,"IMA Pizza, LLC  -  Dishwasher"
5bbf40631d6c5e0010799c6d,"IMA Pizza, LLC  -  Dining Room Attendant"
5bc5ef31308cf30017945180,Modus Hotel  -  Prep Cook
5bc5ef3bc1a36600187374f7,Modus Hotel  -  Breakfast Server
5be1ad2890aa0500122ab3cb,Modus Hotel  -  Barback
5bc9d63c0ca8ba00194cdd37,SMG Richmond  -  Banquet Server
5be1dade8efb390011acda56,SMG Richmond  -  Cleaning Generalist
5be1dae3b81f5a0010a968a6,SMG Richmond  -  Changeover Crew
5be1daea90aa0500122ab4d3,SMG Richmond  -  Event Bartender
5cc730837a65460016ed3ea8,SMG Richmond  -  Dishwasher
5bcf14f6cd3453001791d81e,Strawberry Street Cafe & Event Concessions  -  Combined Food Plating & Serving
5bcf14facd3453001791d81f,Strawberry Street Cafe & Event Concessions  -  Cashier
5bd222d816a60a0012d4b0d1,Strawberry Street Cafe & Event Concessions  -  Fry Cook
5bd7833b01621c0010c993aa,Tri-F Llc  -  Cow Mascot
5bd7834b2e4c380010985218,Tri-F Llc  -  Delivery Truck Unloading Assistant
5bd8553e01621c0010c994c4,Hardywood Park Craft Brewery  -  Packaging
5bdcbc61fb9c400012580154,Chick-fil-A Willow Lawn  -  Dishwasher
5bdcbc9bfb9c400012580155,Chick-fil-A Willow Lawn  -  Cow Mascot
5bdcbc9f162bee0011f7190a,Chick-fil-A Willow Lawn  -  Delivery Truck Unloading Assistant
5cc70af65351b10018aae8a4,Chick-fil-A Willow Lawn  -  Kitchen General
5c13fbc2e0cbe1001543f71c,Modus Hotels  -  AM Restaurant Server
5c13fbca522a6d0015916285,Modus Hotels  -  Banquet Server
5c13fbd2e625350010cacca6,Modus Hotels  -  Event Server
5cdda6a713d1ae0016a93d7d,Modus Hotels  -  Event Staff
5be5d9b7a118a90010e91911,Acumen Golf  -  Line-Fry-Prep Cook
5be5dacc7b99070012cfcc4f,Acumen Golf  -  Line-Fry-Prep Cook
5cd5dbf63cb1360010930c66,Acumen Golf  -  Landscaping/Crew Member
5be5dc2fa118a90010e9191a,521 Biscuits & Waffles  -  Front of House Generalist
5be5dc33b898a90011f6c276,521 Biscuits & Waffles  -  Dishwasher
5beb1079a118a90010e9274b,Chicken and Rice LLC  -  Dishwasher
5beb107db898a90011f6d0fe,Chicken and Rice LLC  -  Dining Room Attendant
5beb1086b898a90011f6d100,Chicken and Rice LLC  -  Delivery Truck Unloading Assistant
5beb108db898a90011f6d101,Chicken and Rice LLC  -  Expeditor/Runner
5bec510e5e197d00101948d9,Chick-fil-A Mechanicsville  -  Dishwasher
5bec51145e197d00101948da,Chick-fil-A Mechanicsville  -  Cow Mascot
5bec511cdc990b001210a131,Chick-fil-A Mechanicsville  -  Expeditor/Runner
5cc70a257a65460016ed3e18,Chick-fil-A Mechanicsville  -  Drive Thru Drink Maker
5cc70a3bf0e14c00164a9105,Chick-fil-A Mechanicsville  -  Kitchen General
5bef2f4b1d53b80010eb0be9,"Fahrenheit Asian McLean, LLC  -  Dishwasher"
5bef46041d53b80010eb0c64,"Fahrenheit Asian McLean, LLC  -  Prep Cook"
5bef460a1d53b80010eb0c65,"Fahrenheit Asian McLean, LLC  -  Busser"
5c287583061235000f64c818,"Fahrenheit Asian McLean, LLC  -  Server Assistant"
5bf2eccb61cc5c001065134e,Dank Eats  -  Combined Food Prep & Serving (Food Truck)
5bfd85a161cc5c0010652e6d,Taste Unlimited LLC  -  Prep Assistant
5bfd85b231967400102380ca,Taste Unlimited LLC  -  Host
5c00155c2fcf5b0018bedff6,Virginia Crossings Hotel  -  Banquet Server
5c00156061cc5c0010653527,Virginia Crossings Hotel  -  Banquet Bartender
5c0015651d53b80010eb3923,Virginia Crossings Hotel  -  Station Attendant
5cdead53caad65001697a8a2,Virginia Crossings Hotel  -  Busser
5c019c5d15b081000fd098a3,Chez Foushee  -  Busser
5c019c6490c3b10010acd745,Chez Foushee  -  Dishwasher
5c019c6928bdb4000f135197,Chez Foushee  -  Prep Cook
5c101056fb496d000f78810c,"Cakes Around the Corner, LLC.  -  Dishwasher"
5c112b93fdcf2200123cf3e6,"Cakes Around the Corner, LLC.  -  Bakery Assistant"
5c2ce79faa00f80012b9dce3,Personal Chef To Go  -  Combined Food Prep & packaging
5c2ce7a4a15aee0011b05e36,Personal Chef To Go  -  Prep Cook
5c2ce7a9061235000f64d015,Personal Chef To Go  -  Dishwasher
5ca4be9cf9bc3200139ae968,Personal Chef To Go  -  Meal Assembly
5c40de2df15a290010310c28,The Big Kitchen  -  Dishwasher
5c41f9d24181ed00109b77c8,Homemades by Suzanne  -  Banquet Server
5c41f9dc86e3e0000f315a4b,Homemades by Suzanne  -  Event Bartender
5c478544521fc0000f10bc5d,Homemades by Suzanne  -  Back of House Generalist
5c47854829360b0012ae6987,Homemades by Suzanne  -  Prep Cook
5c9ce5f971a7f900148544a7,Homemades by Suzanne  -  Chef Attendant
5c472000521fc0000f10bbae,RVA Party Crasherz  -  Event Staff
5c4f1a177152c3001599286f,EAT RP - Hot Chick  -  Dishwasher
5c61e59eb27a76000f7ca8ce,Apple Spice Junction  -  Deli Associate
5c61e5a1a59d430010830e68,Apple Spice Junction  -  Catering Associate
5c61e5a5b27a76000f7ca8cf,Apple Spice Junction  -  Dishwasher
5c61e5a9b27a76000f7ca8d0,Apple Spice Junction  -  Commissary Cook
5c7fdc092ebb0f0010f563ec,Flour Garden Bakery  -  Baker Assistant
5c8001e2024ed00014e7ad74,Tail Up Goat  -  Dishwasher
5c81599b580d7c0011073777,Grandale Vintner's Table  -  Banquet Server
5c8a87d6e0670e00102dd6b9,Willow Oaks Country Club  -  Dishwasher
5c8a8812e0670e00102dd6ba,Willow Oaks Country Club  -  Banquet Server
5c8a8878e0670e00102dd6bb,Willow Oaks Country Club  -  Banquet Bartender
5c8a8893bbee980013a595d8,Willow Oaks Country Club  -  Golf Course Groundskeeper
5c9253d1c870c00010a9594d,Bowl America Incorporated  -  Kingpin Food Associate
5c92a609f5aaad0010f36a5d,Taziki's Restaurants Inc  -  Back of House Generalist
5c94e9a313681e001e3ff3f0,Commonwealth Lodging  -  Food & Beverage Attendant
5c94e9a7b8fed20016bf1ce5,Commonwealth Lodging  -  Banquet Server
5c94e9b2b8fed20016bf1ce6,Commonwealth Lodging  -  Housekeeping Assistant
5c991da213681e001e3ffea6,Cedar Fair - Carowinds  -  Food Service Associate
5c991da8b8fed20016bf27fb,Cedar Fair - Carowinds  -  Park Services Associate
5c991daeb8fed20016bf27fc,Cedar Fair - Carowinds  -  Admissions Associate
5caced1e82c562001698da87,Orzo it Goes  -  Catering Server (Formal)
5cd02c0cf32dc700188c6caf,Orzo it Goes  -  Line-Fry-Prep Cook
5cacf6d865b9dc00136b25d6,Virginia Museum of Fine Arts  -  Banquet Server
5cadf609770e0e0011e61dad,Virginia Museum of Fine Arts  -  Banquet Bartender
5cadf60e770e0e0011e61dae,Virginia Museum of Fine Arts  -  Dishwasher
5cae2cc3770e0e0011e61e82,Virginia Museum of Fine Arts  -  Prep Cook
5cb0cdbc12549e0018e321c9,Which Wich LLC  -  Dishwasher
5cb0cdf812549e0018e321ca,Which Wich LLC  -  Dining Room Attendant
5cb0ce0a12549e0018e321cb,Which Wich LLC  -  Prep Cook
5cc07cd1435ae80019f7ade1,PAC Consulting LLC dba Chick-fil-A  -  Combined Food Prep & Serving
5cc08576ded9dc0016bd0a5b,Chick-fil-A at Carowinds  -  Cancel
5cc88ba4c620d50010c5aa6e,Uptown Catering Company  -  Banquet Server
5ccaf3462485680016f7eed3,"Cava Group, Inc.  -  Dishwasher"
5cd6db621a732f001083b1e1,Edible Arrangements  -  Production
5cdd98acf7f1570016ee7882,Richmond Volleyball Club  -  Combined Food Prep & Serving
5ce6c11088549a0017ac5c11,Compass Coffee  -  Production Assistant
5cf17c8936c10e001035f58d,District Cleaning  -  Cleaning Generalist
5cf6ca5519cbf0001e889300,EAT RP - Fatty Smokes  -  Dishwasher
5ae356253a8c480010522751,Mellow Mushroom  -  Busser
